City_ID,City,Country,Date,Lat,Lng,Max Temp,Humidity,Cloudiness,Wind Speed
0,Dudinka,RU,2021-09-18 19:22:07,69.4058,86.1778,41.36,88,100,11.83
1,Atuona,PF,2021-09-18 19:22:08,-9.8,-139.0333,77.94,75,2,18.28
2,Punta Arenas,CL,2021-09-18 19:22:08,-53.15,-70.9167,48.31,66,40,11.5
3,Sfantu Gheorghe,RO,2021-09-18 19:22:09,45.8667,25.7833,55.81,81,49,3.76
4,Sept-Iles,CA,2021-09-18 19:22:05,50.2001,-66.3821,69.26,51,75,7.0
5,Batticaloa,LK,2021-09-18 19:22:09,7.7102,81.6924,79.59,84,97,3.74
6,Kodiak,US,2021-09-18 19:22:10,57.79,-152.4072,53.11,47,1,10.36
7,Pachino,IT,2021-09-18 19:22:10,36.7186,15.0907,80.6,78,10,10.74
8,Vaini,TO,2021-09-18 19:22:11,-21.2,-175.2,73.56,94,75,9.22
9,Necochea,AR,2021-09-18 19:22:11,-38.5473,-58.7368,68.04,62,8,11.16
10,Cape Town,ZA,2021-09-18 19:20:35,-33.9258,18.4232,59.88,80,20,1.99
11,Bambous Virieux,MU,2021-09-18 19:22:12,-20.3428,57.7575,68.22,88,75,4.61
12,Alyangula,AU,2021-09-18 19:22:12,-13.8483,136.4192,73.51,72,7,8.19
13,Portel,BR,2021-09-18 19:17:19,-1.9356,-50.8211,93.06,42,57,3.71
14,Severo-Kurilsk,RU,2021-09-18 19:22:13,50.6789,156.125,49.51,88,100,10.16
15,Sobolevo,RU,2021-09-18 19:22:13,54.4299,31.8996,41.74,93,100,23.76
16,Gaoual,GN,2021-09-18 19:22:14,11.75,-13.2,78.51,88,100,2.37
17,Nikolskoye,RU,2021-09-18 19:22:14,59.7035,30.7861,48.09,81,99,6.51
18,Tevaitoa,PF,2021-09-18 19:22:15,-16.7833,-151.5,78.08,73,23,21.79
19,Puerto Ayora,EC,2021-09-18 19:22:15,-0.7393,-90.3518,82.36,89,80,13.0
20,Lardos,GR,2021-09-18 19:22:16,36.0942,28.0157,78.94,70,0,10.8
21,Broken Hill,AU,2021-09-18 19:19:15,-31.95,141.4333,48.74,45,0,4.03
22,Tasiilaq,GL,2021-09-18 19:22:16,65.6145,-37.6368,39.36,69,20,3.98
23,Provideniya,RU,2021-09-18 19:22:17,64.3833,-173.3,42.64,87,0,7.78
24,Sambava,MG,2021-09-18 19:22:17,-14.2667,50.1667,71.35,83,37,3.71
25,La Palma,US,2021-09-18 19:22:18,33.8464,-118.0467,86.11,65,40,5.99
26,Jamestown,US,2021-09-18 19:22:18,42.097,-79.2353,81.3,73,20,5.99
27,Avarua,CK,2021-09-18 19:22:19,-21.2078,-159.775,78.85,69,40,10.36
28,Rikitea,PF,2021-09-18 19:22:19,-23.1203,-134.9692,72.5,77,61,13.35
29,Ahipara,NZ,2021-09-18 19:22:19,-35.1667,173.1667,48.83,79,7,1.99
30,Tovste,UA,2021-09-18 19:22:20,48.8466,25.7262,57.11,81,100,11.39
31,Cherskiy,RU,2021-09-18 19:22:20,68.75,161.3,27.41,86,16,12.08
32,Lednice,CZ,2021-09-18 19:22:21,48.7999,16.8034,58.93,70,78,6.98
33,Ribeira Brava,PT,2021-09-18 19:22:21,32.65,-17.0667,73.13,59,77,7.49
34,Vanimo,PG,2021-09-18 19:22:21,-2.6741,141.3028,76.8,93,100,5.01
35,Albany,US,2021-09-18 19:19:05,42.6001,-73.9662,84.45,60,4,8.77
36,Odweyne,SO,2021-09-18 19:22:22,9.4092,45.064,78.66,51,83,13.51
37,Asau,RO,2021-09-18 19:22:23,46.4333,26.4,50.92,86,54,5.28
38,Santa Rosa,PH,2021-09-18 19:22:23,14.3122,121.1114,84.18,88,17,5.46
39,Ushuaia,AR,2021-09-18 19:19:21,-54.8,-68.3,44.26,65,20,0.0
40,Lebu,CL,2021-09-18 19:22:24,-37.6167,-73.65,54.14,57,12,10.67
41,Itarema,BR,2021-09-18 19:22:24,-2.9248,-39.9167,83.37,61,0,19.24
42,Port Alfred,ZA,2021-09-18 19:22:25,-33.5906,26.891,61.27,68,0,29.35
43,Georgetown,MY,2021-09-18 19:22:25,5.4112,100.3354,78.89,92,20,2.3
44,Fernley,US,2021-09-18 19:22:26,39.608,-119.2518,83.37,12,2,10.0
45,Bethel,US,2021-09-18 19:22:26,41.3712,-73.414,83.71,68,20,3.0
46,Kapaa,US,2021-09-18 19:22:27,22.0752,-159.319,80.58,77,90,1.01
47,Zhigansk,RU,2021-09-18 19:22:27,66.7697,123.3711,34.56,68,100,15.61
48,Bluff,NZ,2021-09-18 19:22:28,-46.6,168.3333,42.8,82,100,13.67
49,Mathbaria,BD,2021-09-18 19:22:28,22.2876,89.9593,77.95,91,100,4.43
50,Wegorzewo,PL,2021-09-18 19:22:28,54.2157,21.7372,45.07,84,100,14.88
51,Hermanus,ZA,2021-09-18 19:22:29,-34.4187,19.2345,59.81,73,98,8.16
52,Busselton,AU,2021-09-18 19:22:29,-33.65,115.3333,51.08,85,100,4.07
53,Quang Ngai,VN,2021-09-18 19:21:55,15.1167,108.8,75.6,92,100,4.47
54,Milkovo,RU,2021-09-18 19:22:30,54.7167,158.6167,39.47,67,95,4.47
55,East London,ZA,2021-09-18 19:22:31,-33.0153,27.9116,61.7,64,0,20.67
56,Goundam,ML,2021-09-18 19:22:31,16.4145,-3.6708,100.9,19,13,4.63
57,Korla,CN,2021-09-18 19:22:31,41.7597,86.1469,71.62,24,0,1.28
58,Cabo San Lucas,MX,2021-09-18 19:19:55,22.8909,-109.9124,93.61,70,40,8.05
59,Chapais,CA,2021-09-18 19:22:32,49.7834,-74.8492,53.38,71,100,8.01
60,Constitucion,CL,2021-09-18 19:22:33,-35.3333,-72.4167,57.47,60,0,17.94
61,Yellowknife,CA,2021-09-18 19:20:45,62.456,-114.3525,52.32,40,75,18.41
62,Jiayuguan,CN,2021-09-18 19:22:34,39.8167,98.3,63.82,29,50,7.94
63,Tuktoyaktuk,CA,2021-09-18 19:22:34,69.4541,-133.0374,41.0,100,90,4.61
64,Mahebourg,MU,2021-09-18 19:22:35,-20.4081,57.7,68.25,88,75,4.61
65,Shelburne,CA,2021-09-18 19:19:22,44.0787,-80.2041,75.13,30,1,8.77
66,Fortuna,US,2021-09-18 19:22:35,40.5982,-124.1573,64.36,72,40,4.0
67,Khatanga,RU,2021-09-18 19:22:36,71.9667,102.5,27.63,74,0,12.84
68,Palora,EC,2021-09-18 19:22:36,-1.7,-77.9333,80.71,42,91,4.79
69,Edmonton,CA,2021-09-18 19:20:15,53.5501,-113.4687,60.8,54,100,3.0
70,Bredasdorp,ZA,2021-09-18 19:22:37,-34.5322,20.0403,59.29,77,100,13.8
71,Arraial Do Cabo,BR,2021-09-18 19:22:38,-22.9661,-42.0278,82.36,78,40,6.91
72,Viedma,AR,2021-09-18 19:22:38,-40.8135,-62.9967,66.65,30,100,11.86
73,Fairbanks,US,2021-09-18 19:20:32,64.8378,-147.7164,40.96,75,1,1.01
74,Letlhakane,BW,2021-09-18 19:22:39,-21.4167,25.5833,63.28,53,0,18.45
75,Canar,EC,2021-09-18 19:22:39,-2.55,-78.9333,59.04,58,92,6.6
76,Narsaq,GL,2021-09-18 19:22:39,60.9167,-46.05,43.02,91,98,1.25
77,Castro,BR,2021-09-18 19:22:40,-24.7911,-50.0119,78.75,52,65,5.7
78,Luebo,CD,2021-09-18 19:22:40,-5.35,21.4167,72.88,89,93,1.05
79,Aykhal,RU,2021-09-18 19:22:41,66.0,111.5,26.06,84,9,1.59
80,Trairi,BR,2021-09-18 19:19:04,-3.2778,-39.2689,83.43,58,0,16.37
81,Inirida,CO,2021-09-18 19:22:41,3.8653,-67.9239,83.39,78,54,3.87
82,Brigham City,US,2021-09-18 19:22:42,41.5102,-112.0155,78.84,37,1,3.0
83,Upernavik,GL,2021-09-18 19:22:42,72.7868,-56.1549,23.36,54,26,6.13
84,Sterling,US,2021-09-18 19:18:33,39.0062,-77.4286,89.42,65,75,1.01
85,Bayan,CN,2021-09-18 19:22:43,46.0833,127.4,48.0,86,79,7.29
86,Paamiut,GL,2021-09-18 19:22:43,61.994,-49.6678,37.24,82,8,14.09
87,Poya,NC,2021-09-18 19:22:43,-21.35,165.15,62.15,76,0,4.92
88,Mataura,NZ,2021-09-18 19:22:44,-46.1927,168.8643,42.48,97,100,3.91
89,Wenling,CN,2021-09-18 19:22:44,28.3669,121.36,74.68,87,6,4.36
90,Carutapera,BR,2021-09-18 19:22:45,-1.195,-46.02,83.89,69,100,9.91
91,Jasper,US,2021-09-18 19:21:42,37.2001,-94.3502,89.82,49,40,3.0
92,Nouakchott,MR,2021-09-18 19:22:02,18.0858,-15.9785,85.93,70,100,13.38
93,Aklavik,CA,2021-09-18 19:22:45,68.2191,-135.0107,44.6,87,90,4.61
94,Warrnambool,AU,2021-09-18 19:22:46,-38.3833,142.4833,51.82,78,100,23.31
95,Dovers,VC,2021-09-18 19:22:46,12.8833,-61.1833,85.59,69,72,8.32
96,Foam Lake,CA,2021-09-18 19:22:47,51.65,-103.5343,84.22,15,13,17.02
97,Morro Bay,US,2021-09-18 19:22:48,35.3658,-120.8499,75.2,70,2,4.0
98,Honningsvag,NO,2021-09-18 19:22:48,70.9821,25.9704,44.35,70,0,13.8
99,Vestmannaeyjar,IS,2021-09-18 19:18:36,63.4427,-20.2734,51.73,88,35,19.69
100,Karratha,AU,2021-09-18 19:22:49,-20.7377,116.8463,71.53,43,0,8.57
101,Mar Del Plata,AR,2021-09-18 19:20:07,-38.0023,-57.5575,60.82,67,0,13.8
102,Ouadda,CF,2021-09-18 19:22:49,8.0777,22.4007,69.12,94,99,1.5
103,Wabana,CA,2021-09-18 19:22:50,47.6332,-52.9481,70.68,79,40,17.27
104,Kahului,US,2021-09-18 19:22:50,20.8947,-156.47,82.42,77,40,14.97
105,Airai,TL,2021-09-18 19:22:51,-8.9266,125.4092,57.47,57,81,3.18
106,Butaritari,KI,2021-09-18 19:22:51,3.0707,172.7902,82.65,70,20,16.37
107,Sukhovolya,UA,2021-09-18 19:22:52,49.8243,23.8377,53.82,100,75,8.95
108,Siavonga,ZM,2021-09-18 19:22:52,-16.5382,28.7088,77.99,54,9,13.87
109,Tuatapere,NZ,2021-09-18 19:22:53,-46.1333,167.6833,42.82,92,100,7.4
110,Souillac,MU,2021-09-18 19:22:53,-20.5167,57.5167,68.36,88,75,4.61
111,Sao Joao Del Rei,BR,2021-09-18 19:22:54,-21.1356,-44.2617,88.23,25,49,6.6
112,Shubarkuduk,KZ,2021-09-18 19:22:54,49.1447,56.4872,42.03,58,8,5.46
113,Usinsk,RU,2021-09-18 19:22:55,65.9939,57.5281,35.91,74,100,20.92
114,Qaanaaq,GL,2021-09-18 19:22:56,77.484,-69.3632,14.99,73,95,6.02
115,Dunedin,NZ,2021-09-18 19:22:56,-45.8742,170.5036,45.81,76,100,7.0
116,Port Hedland,AU,2021-09-18 19:19:40,-20.3167,118.5667,64.45,68,0,8.05
117,Vuktyl,RU,2021-09-18 19:22:57,63.8567,57.3094,34.75,75,83,18.3
118,Ngunguru,NZ,2021-09-18 19:22:57,-35.6167,174.5,43.16,77,0,4.99
119,San Patricio,US,2021-09-18 19:22:57,28.017,-97.5169,97.21,42,28,8.21
120,Esperance,AU,2021-09-18 19:22:58,-33.8667,121.9,55.24,83,100,11.97
121,Straumen,NO,2021-09-18 19:22:58,63.8709,11.2999,55.62,71,100,2.82
122,Muravlenko,RU,2021-09-18 19:22:59,63.7898,74.523,32.86,98,100,17.31
123,Hobart,AU,2021-09-18 19:22:59,-42.8794,147.3294,48.06,76,90,5.99
124,Zhangye,CN,2021-09-18 19:22:59,38.9342,100.4517,63.14,45,100,5.66
125,Tiksi,RU,2021-09-18 19:23:00,71.6872,128.8694,34.34,78,100,16.84
126,Saint George,US,2021-09-18 19:19:36,37.1041,-113.5841,72.19,68,40,3.44
127,Entebbe,UG,2021-09-18 19:23:01,0.0644,32.4469,64.72,94,20,0.0
128,Lazaro Cardenas,MX,2021-09-18 19:23:01,17.9583,-102.2,83.84,72,89,6.44
129,New Norfolk,AU,2021-09-18 19:23:02,-42.7826,147.0587,47.7,70,100,1.99
130,Port Hardy,CA,2021-09-18 19:23:02,50.6996,-127.4199,53.78,87,90,11.5
131,Villaviciosa,ES,2021-09-18 19:23:03,43.4813,-5.4357,65.39,76,7,6.15
132,Hithadhoo,MV,2021-09-18 19:23:03,-0.6,73.0833,83.07,73,77,5.06
133,Freeport,US,2021-09-18 19:20:23,40.6576,-73.5832,87.3,63,1,4.0
134,Geraldton,AU,2021-09-18 19:23:04,-28.7667,114.6,46.81,93,0,3.44
135,Saint-Philippe,RE,2021-09-18 19:23:05,-21.3585,55.7679,69.39,88,48,8.41
136,Oranjemund,NA,2021-09-18 19:23:05,-28.55,16.4333,56.95,85,9,16.84
137,San Cristobal,VE,2021-09-18 19:23:06,7.7669,-72.225,83.97,48,45,8.08
138,Perdoes,BR,2021-09-18 19:19:47,-21.0908,-45.0914,91.71,23,8,3.4
139,Pevek,RU,2021-09-18 19:23:06,69.7008,170.3133,30.27,69,100,12.3
140,Hilo,US,2021-09-18 19:23:07,19.7297,-155.09,79.29,85,90,5.75
141,Ketchikan,US,2021-09-18 19:21:06,55.3422,-131.6461,54.07,76,90,0.0
142,Lagoa,PT,2021-09-18 19:23:08,39.05,-27.9833,66.76,59,13,5.99
143,Sylacauga,US,2021-09-18 19:23:08,33.1732,-86.2516,77.25,93,90,0.0
144,Chokurdakh,RU,2021-09-18 19:23:08,70.6333,147.9167,24.55,88,77,5.08
145,Trelew,AR,2021-09-18 19:23:09,-43.249,-65.3051,63.21,21,5,5.32
146,Lamu,KE,2021-09-18 19:23:09,-2.2717,40.902,77.22,88,29,14.07
147,Longyearbyen,SJ,2021-09-18 19:23:10,78.2186,15.6401,46.24,81,75,16.11
148,Erice,IT,2021-09-18 19:23:11,38.037,12.5865,71.96,83,0,3.44
149,Katsuura,JP,2021-09-18 19:23:11,35.1333,140.3,75.31,94,98,22.68
150,Cidreira,BR,2021-09-18 19:23:11,-30.1811,-50.2056,67.89,89,53,7.31
151,Tres Arroyos,AR,2021-09-18 19:23:12,-38.3739,-60.2798,72.64,45,100,7.76
152,Ossora,RU,2021-09-18 19:23:12,59.2353,163.0719,46.69,83,100,2.55
153,Fayaoue,NC,2021-09-18 19:23:13,-20.65,166.5333,69.69,62,0,19.01
154,Mawlaik,MM,2021-09-18 19:23:13,23.6333,94.4167,75.58,100,100,0.89
155,Bongandanga,CD,2021-09-18 19:23:14,1.5,21.05,71.28,96,100,3.36
156,Pierre,US,2021-09-18 19:23:14,44.3683,-100.351,88.72,37,1,13.8
157,Quibdo,CO,2021-09-18 19:23:15,5.6947,-76.6611,88.41,60,99,4.74
158,Saint-Augustin,CA,2021-09-18 19:23:15,51.226,-58.6502,67.82,72,80,25.12
159,Vardo,NO,2021-09-18 19:23:15,70.3705,31.1107,45.93,77,3,15.14
160,Havoysund,NO,2021-09-18 19:22:12,70.9963,24.6622,44.83,72,100,11.88
161,Mangai,CD,2021-09-18 19:23:16,-4.05,19.5333,74.25,81,46,3.31
162,Robore,BO,2021-09-18 19:23:16,-18.3333,-59.75,102.29,27,20,17.27
163,Guerrero Negro,MX,2021-09-18 19:23:17,27.9769,-114.0611,76.03,62,4,18.63
164,Vao,NC,2021-09-18 19:23:17,-22.6667,167.4833,69.15,62,45,17.96
165,Nuuk,GL,2021-09-18 19:21:02,64.1835,-51.7216,43.41,61,1,3.44
166,Inhambane,MZ,2021-09-18 19:23:18,-23.865,35.3833,66.18,68,75,4.61
167,Yerbogachen,RU,2021-09-18 19:23:19,61.2767,108.0108,38.53,70,100,5.21
168,Ribeira Grande,PT,2021-09-18 19:23:19,38.5167,-28.7,72.0,56,20,10.36
169,Champerico,GT,2021-09-18 19:23:20,14.3,-91.9167,90.77,73,5,8.99
170,Tabory,RU,2021-09-18 19:23:20,58.5198,64.5495,35.94,96,100,9.26
171,Omboue,GA,2021-09-18 19:23:20,-1.5746,9.2618,76.46,80,100,7.96
172,Puerto Del Rosario,ES,2021-09-18 19:23:21,28.5004,-13.8627,74.95,73,20,11.5
173,Acarau,BR,2021-09-18 19:23:21,-2.8856,-40.12,84.45,60,0,20.24
174,Shitanjing,CN,2021-09-18 19:23:22,39.2342,106.3439,61.05,62,41,4.45
175,Nandura,IN,2021-09-18 19:23:22,20.8333,76.45,75.42,89,98,6.44
176,Alofi,NU,2021-09-18 19:23:23,-19.0595,-169.9187,78.69,89,8,6.91
177,Changying,CN,2021-09-18 19:23:23,52.8733,123.3213,32.68,76,0,4.32
178,Portland,US,2021-09-18 19:19:01,45.5234,-122.6762,63.23,92,90,1.99
179,Saskylakh,RU,2021-09-18 19:23:24,71.9167,114.0833,23.7,98,75,2.71
180,Clyde River,CA,2021-09-18 19:23:24,70.4692,-68.5914,32.23,69,75,9.22
181,Vila Velha,BR,2021-09-18 19:23:25,-20.3297,-40.2925,80.55,61,0,18.41
182,Nha Trang,VN,2021-09-18 19:23:25,12.25,109.1833,78.8,91,100,5.79
183,Beringovskiy,RU,2021-09-18 19:23:26,63.05,179.3167,45.07,68,79,4.83
184,Ekuvukeni,ZA,2021-09-18 19:23:26,-28.4675,30.1551,54.1,63,0,6.49
185,Beawar,IN,2021-09-18 19:23:27,26.1,74.3167,77.43,86,100,7.52
186,Alice Springs,AU,2021-09-18 19:23:27,-23.7,133.8833,51.35,87,60,0.0
187,Vila Franca Do Campo,PT,2021-09-18 19:23:28,37.7167,-25.4333,70.21,66,98,7.49
188,Torbay,CA,2021-09-18 19:23:28,47.6666,-52.7314,70.88,78,40,17.27
189,Bismarck,US,2021-09-18 19:22:11,46.8083,-100.7837,83.88,45,1,13.8
190,Tautira,PF,2021-09-18 19:23:29,-17.7333,-149.15,80.62,78,95,20.13
191,Egvekinot,RU,2021-09-18 19:23:29,66.3167,-179.1667,31.32,78,14,7.31
192,Kochevo,RU,2021-09-18 19:23:30,59.5994,54.3125,36.68,83,100,11.48
193,Port Elizabeth,ZA,2021-09-18 19:23:30,-33.918,25.5701,61.09,72,40,20.71
194,Southbridge,US,2021-09-18 19:23:31,42.0751,-72.0334,83.01,72,76,4.65
195,Evinayong,GQ,2021-09-18 19:23:31,1.4368,10.5512,68.81,99,100,2.82
196,Sinnamary,GF,2021-09-18 19:23:32,5.3833,-52.95,82.62,79,71,7.36
197,Ayr,GB,2021-09-18 19:23:32,55.4627,-4.6339,63.48,82,20,2.3
198,Flin Flon,CA,2021-09-18 19:23:33,54.7682,-101.865,58.84,55,90,9.22
199,Dawlatabad,AF,2021-09-18 19:23:33,36.4141,64.9053,76.82,11,0,4.07
200,Okhotsk,RU,2021-09-18 19:23:33,59.3833,143.3,42.49,87,100,4.09
201,Balclutha,NZ,2021-09-18 19:23:34,-46.2339,169.75,35.4,93,100,2.28
202,Surab,PK,2021-09-18 19:23:34,28.4914,66.2585,75.69,29,2,1.36
203,Motozintla,MX,2021-09-18 19:23:35,15.3667,-92.2333,75.29,75,75,2.84
204,Cockburn Town,TC,2021-09-18 19:23:35,21.4612,-71.1419,87.76,55,40,9.22
205,Tezu,IN,2021-09-18 19:19:11,27.9167,96.1667,70.84,84,14,3.83
206,Ngaoundere,CM,2021-09-18 19:23:36,7.3167,13.5833,67.01,91,99,1.74
207,Pacasmayo,PE,2021-09-18 19:23:36,-7.4006,-79.5714,67.19,73,61,13.67
208,Bahia De Caraquez,EC,2021-09-18 19:23:37,-0.6,-80.4167,84.38,76,92,11.77
209,Vinukonda,IN,2021-09-18 19:23:37,16.05,79.75,81.23,72,100,3.42
210,Along,IN,2021-09-18 19:23:38,28.1667,94.7667,70.66,99,48,1.43
211,Barrow,US,2021-09-18 19:23:38,71.2906,-156.7887,30.22,86,1,10.36
212,Olga,RU,2021-09-18 19:23:39,43.7444,135.2892,53.44,93,43,5.95
213,Saint-Francois,FR,2021-09-18 19:23:39,46.4154,3.9054,67.44,77,90,4.61
214,Ponta Do Sol,PT,2021-09-18 19:23:39,32.6667,-17.1,73.13,59,75,6.82
215,Pentecoste,BR,2021-09-18 19:23:40,-3.7928,-39.2703,80.67,29,17,12.08
216,Tianpeng,CN,2021-09-18 19:23:40,30.9866,103.9393,64.87,97,100,7.54
217,Bilma,NE,2021-09-18 19:23:41,18.6853,12.9164,93.27,13,100,6.73
218,La Ronge,CA,2021-09-18 19:23:41,55.1001,-105.2842,55.62,62,90,8.05
219,Taoudenni,ML,2021-09-18 19:21:08,22.6783,-3.9836,103.82,10,11,8.43
220,Alekseyevskoye,RU,2021-09-18 19:23:42,55.3071,50.1135,43.48,75,43,8.81
221,Kigoma,TZ,2021-09-18 19:23:42,-4.8769,29.6267,74.37,72,99,11.18
222,San Jose,US,2021-09-18 19:22:28,37.3394,-121.895,76.86,57,40,1.01
223,Fukuma,JP,2021-09-18 19:23:43,33.7667,130.4667,71.6,83,63,14.32
224,Mason City,US,2021-09-18 19:23:43,43.1536,-93.201,80.73,44,1,9.22
225,Antsohihy,MG,2021-09-18 19:23:43,-14.8796,47.9875,73.62,85,46,3.98
226,Mount Isa,AU,2021-09-18 19:23:44,-20.7333,139.5,73.17,43,27,10.36
227,Laguna,US,2021-09-18 19:23:44,38.421,-121.4238,79.65,61,1,5.01
228,Sabang,ID,2021-09-18 19:23:45,5.8933,95.3214,81.46,72,100,1.74
229,Constantine,DZ,2021-09-18 19:23:45,36.365,6.6147,74.61,73,20,2.3
230,Erenhot,CN,2021-09-18 19:23:46,43.6475,111.9767,66.63,33,100,7.65
231,Victoria,HK,2021-09-18 19:23:46,22.2855,114.1577,85.98,82,91,1.01
232,Roma,US,2021-09-18 19:22:18,43.2128,-75.4557,78.12,75,20,1.01
233,Jining,CN,2021-09-18 19:20:28,35.405,116.5814,68.13,81,100,11.01
234,Batagay,RU,2021-09-18 19:23:47,67.6333,134.6333,31.89,98,100,4.41
235,Jiuquan,CN,2021-09-18 19:23:47,39.7432,98.5174,65.64,27,63,9.51
236,Chuy,UY,2021-09-18 19:23:48,-33.6971,-53.4616,66.38,74,6,8.63
237,Dabat,ET,2021-09-18 19:23:48,12.9842,37.765,53.65,94,99,3.8
238,Hofn,IS,2021-09-18 19:23:49,64.2539,-15.2082,52.72,93,100,23.62
239,Pachora,IN,2021-09-18 19:23:49,20.6667,75.35,75.96,89,98,4.59
240,Charters Towers,AU,2021-09-18 19:23:49,-20.1,146.2667,58.3,85,3,7.81
241,Thompson,CA,2021-09-18 19:23:50,55.7435,-97.8558,59.16,55,90,8.05
242,Watsa,CD,2021-09-18 19:23:50,3.0372,29.5355,65.1,97,100,2.53
243,Lompoc,US,2021-09-18 19:23:51,34.6391,-120.4579,73.56,69,40,3.44
244,Dhamrai,BD,2021-09-18 19:23:51,23.9202,90.2109,84.18,90,100,5.46
245,Melfi,IT,2021-09-18 19:23:52,40.9965,15.6514,72.23,73,9,4.47
246,Kloulklubed,PW,2021-09-18 19:23:52,7.0419,134.2556,75.7,79,91,11.77
247,Ca Mau,VN,2021-09-18 19:23:52,9.1769,105.15,76.86,92,100,4.59
248,Bambanglipuro,ID,2021-09-18 19:21:04,-7.95,110.2833,75.81,89,100,8.57
249,Havelock,US,2021-09-18 19:20:25,34.8791,-76.9013,86.23,70,34,3.0
250,Otane,NZ,2021-09-18 19:23:53,-39.8833,176.6333,41.02,90,58,2.17
251,Port Lincoln,AU,2021-09-18 19:23:54,-34.7333,135.8667,54.1,76,14,17.98
252,Pacific Grove,US,2021-09-18 19:23:54,36.6177,-121.9166,75.61,69,40,1.01
253,Martapura,ID,2021-09-18 19:23:55,-3.4167,114.85,73.49,94,100,2.3
254,Valera,VE,2021-09-18 19:23:55,9.3178,-70.6036,85.23,64,92,3.09
255,Shumerlya,RU,2021-09-18 19:23:56,55.5005,46.4129,35.67,77,7,3.6
256,Tabou,CI,2021-09-18 19:23:56,4.423,-7.3528,77.63,86,91,6.96
257,Oksfjord,NO,2021-09-18 19:23:57,70.2396,22.3479,43.72,71,100,7.61
258,Bardiyah,LY,2021-09-18 19:23:57,31.7561,25.0865,77.68,77,0,13.11
259,Sorong,ID,2021-09-18 19:23:57,-0.8833,131.25,76.15,87,100,5.12
260,Yangambi,CD,2021-09-18 19:23:58,0.8102,24.4336,69.33,97,97,1.9
261,Ilulissat,GL,2021-09-18 19:23:58,69.2167,-51.1,30.22,40,1,4.61
262,Ancud,CL,2021-09-18 19:23:59,-41.8697,-73.8203,53.13,63,73,7.29
263,Bataipora,BR,2021-09-18 19:23:59,-22.2953,-53.2711,102.36,15,43,4.03
264,Bonavista,CA,2021-09-18 19:23:59,48.6499,-53.1147,68.0,83,74,20.4
265,Woodward,US,2021-09-18 19:24:00,36.4337,-99.3904,93.96,36,1,8.05
266,Jackson,US,2021-09-18 19:24:00,42.4165,-122.8345,62.92,90,90,0.0
267,Bandiagara,ML,2021-09-18 19:24:01,14.3501,-3.6104,90.46,38,76,6.64
268,Lluta,PE,2021-09-18 19:24:01,-16.0147,-72.0142,62.87,27,39,11.92
269,Takaka,NZ,2021-09-18 19:24:02,-40.85,172.8,46.56,86,15,3.67
270,Sao Filipe,CV,2021-09-18 19:24:02,14.8961,-24.4956,78.96,84,81,9.55
271,Kruisfontein,ZA,2021-09-18 19:24:03,-34.0033,24.7314,57.88,72,0,17.47
272,Hasaki,JP,2021-09-18 19:24:03,35.7333,140.8333,71.89,89,100,27.85
273,Dunmore Town,BS,2021-09-18 19:24:03,25.5,-76.65,83.03,73,12,5.88
274,Malindi,KE,2021-09-18 19:24:04,-3.2175,40.1191,78.96,83,20,11.5
275,Hearst,CA,2021-09-18 19:24:04,49.6835,-83.6665,59.25,47,44,6.04
276,San Miguel,SV,2021-09-18 19:24:05,13.4833,-88.1833,92.86,53,0,3.44
277,Moorhead,US,2021-09-18 19:24:05,46.8739,-96.7676,75.97,42,1,8.99
278,Saint Anthony,US,2021-09-18 19:24:06,45.0205,-93.218,77.14,38,1,5.99
279,Abu Dhabi,AE,2021-09-18 19:24:06,24.4667,54.3667,91.51,70,0,4.61
280,Kaitangata,NZ,2021-09-18 19:24:07,-46.2817,169.8464,38.19,87,100,4.03
281,Eluru,IN,2021-09-18 19:24:07,16.7,81.1,77.65,88,94,1.54
282,Gornopravdinsk,RU,2021-09-18 19:24:07,60.05,69.9,36.03,97,100,10.45
283,Leningradskiy,RU,2021-09-18 19:24:08,69.3833,178.4167,23.52,87,75,14.03
284,Beihai,CN,2021-09-18 19:24:08,21.4833,109.1,83.34,79,11,8.72
285,Andenes,NO,2021-09-18 19:24:09,69.3143,16.1194,48.18,66,75,8.05
286,Sakakah,SA,2021-09-18 19:24:09,29.9697,40.2064,87.37,20,0,8.95
287,Binzhou,CN,2021-09-18 19:24:09,37.3667,118.0167,62.2,89,100,12.1
288,Mogoytuy,RU,2021-09-18 19:24:10,51.2833,114.9167,39.16,93,5,1.48
289,Banepa,NP,2021-09-18 19:24:11,27.6298,85.5214,68.32,94,75,2.3
290,Magdagachi,RU,2021-09-18 19:24:11,53.45,125.8,34.45,85,0,4.34
291,Anadyr,RU,2021-09-18 19:24:11,64.75,177.4833,37.9,93,0,4.47
292,Dhidhdhoo,MV,2021-09-18 19:24:12,6.8833,73.1,82.49,77,59,11.41
293,Namibe,AO,2021-09-18 19:24:12,-15.1961,12.1522,61.84,83,6,11.99
294,Asopos,GR,2021-09-18 19:24:13,36.7333,22.8667,80.37,58,0,3.71
295,Gorontalo,ID,2021-09-18 19:24:13,0.5412,123.0595,75.49,91,96,5.39
296,Vostok,RU,2021-09-18 19:24:14,46.4856,135.8833,36.5,85,0,3.13
297,College,US,2021-09-18 19:20:05,64.8569,-147.8028,42.46,74,40,6.91
298,Sines,PT,2021-09-18 19:24:14,37.9562,-8.8698,68.29,67,0,13.0
299,Okha,RU,2021-09-18 19:24:15,53.5739,142.9478,43.99,82,13,14.25
300,Lhokseumawe,ID,2021-09-18 19:24:15,5.1801,97.1507,77.86,87,79,3.02
301,Davila,PH,2021-09-18 19:23:18,18.4726,120.5763,81.66,81,82,3.91
302,Cuamba,MZ,2021-09-18 19:24:16,-14.8031,36.5372,71.67,69,26,9.86
303,Eureka,US,2021-09-18 19:22:00,40.8021,-124.1637,64.63,97,99,4.88
304,Coquimbo,CL,2021-09-18 19:24:17,-29.9533,-71.3436,62.33,67,0,13.8
305,Listvyanka,RU,2021-09-18 19:24:17,51.8535,104.8693,40.5,82,87,11.07
306,Kabanjahe,ID,2021-09-18 19:24:18,3.1001,98.4908,63.36,97,93,3.31
307,Petropavlovsk-Kamchatskiy,RU,2021-09-18 19:24:18,53.0452,158.6483,36.19,87,0,6.71
308,Talnakh,RU,2021-09-18 19:24:19,69.4865,88.3972,41.95,86,100,4.72
309,Sitka,US,2021-09-18 19:24:19,57.0531,-135.33,51.69,87,90,0.0
310,Margate,GB,2021-09-18 19:24:20,51.3813,1.3862,66.96,78,98,11.41
311,Palmas Bellas,PA,2021-09-18 19:24:20,9.2319,-80.0867,84.11,83,100,6.2
312,Harper,LR,2021-09-18 19:24:21,4.375,-7.7169,77.76,85,80,7.72
313,Goderich,CA,2021-09-18 19:22:23,43.7501,-81.7165,69.21,60,0,14.97
314,Swan Hill,AU,2021-09-18 19:24:21,-35.3378,143.5544,40.51,84,2,7.2
315,Pangoa,PE,2021-09-18 19:24:22,-12.1167,-73.0,91.81,35,35,5.26
316,Bloemhof,ZA,2021-09-18 19:24:22,-27.6469,25.607,63.14,43,2,12.48
317,Richards Bay,ZA,2021-09-18 19:24:23,-28.783,32.0377,58.75,72,0,4.85
318,Cap Malheureux,MU,2021-09-18 19:24:23,-19.9842,57.6142,68.47,87,14,1.01
319,Guanica,PR,2021-09-18 19:24:23,17.9716,-66.908,89.2,82,20,1.99
320,Rawson,AR,2021-09-18 19:20:52,-43.3002,-65.1023,58.62,35,3,6.24
321,Sulangan,PH,2021-09-18 19:24:24,11.1373,123.7228,82.8,74,97,7.92
322,Peleduy,RU,2021-09-18 19:24:24,59.6289,112.7406,37.29,78,100,1.88
323,Jumla,NP,2021-09-18 19:24:25,29.2747,82.1838,63.1,98,96,0.74
324,Sovetskiy,RU,2021-09-18 19:24:25,61.3614,63.5842,34.75,97,100,12.68
325,Washington,US,2021-09-18 19:21:05,47.5001,-120.5015,60.57,58,100,5.99
326,Kargopol,RU,2021-09-18 19:24:26,61.5071,38.9456,39.36,73,100,4.12
327,Klaksvik,FO,2021-09-18 19:24:26,62.2266,-6.589,54.52,90,99,21.68
328,Yilan,TW,2021-09-18 19:22:06,24.757,121.753,83.82,93,3,2.21
329,Labuhan,ID,2021-09-18 19:24:27,-6.8844,112.2051,78.19,81,99,7.0
330,Soria,ES,2021-09-18 19:24:27,41.6667,-2.6667,61.02,66,0,6.6
331,Powell,US,2021-09-18 19:22:11,40.1578,-83.0752,89.82,41,20,3.0
332,Estelle,US,2021-09-18 19:24:28,29.8458,-90.1067,83.01,100,90,3.44
333,Padang,ID,2021-09-18 19:24:28,-0.9492,100.3543,74.64,96,100,0.81
334,Kologriv,RU,2021-09-18 19:24:29,58.8275,44.3178,35.37,85,45,4.47
335,Oussouye,SN,2021-09-18 19:24:29,12.485,-16.5469,84.38,78,89,6.64
336,Iqaluit,CA,2021-09-18 19:24:30,63.7506,-68.5145,35.33,93,90,8.05
337,Kumluca,TR,2021-09-18 19:24:30,36.3703,30.2869,80.65,49,0,3.42
338,Gravdal,NO,2021-09-18 19:24:31,68.1214,13.5031,51.85,71,100,15.21
339,Manati,PR,2021-09-18 19:24:31,18.4275,-66.4921,88.86,71,28,12.71
340,Pisco,PE,2021-09-18 19:24:32,-13.7,-76.2167,62.02,88,90,9.22
341,Evensk,RU,2021-09-18 19:24:32,61.95,159.2333,46.02,98,100,6.24
342,Bathsheba,BB,2021-09-18 19:24:32,13.2167,-59.5167,88.41,62,40,12.66
343,Port Blair,IN,2021-09-18 19:24:33,11.6667,92.75,80.17,84,100,5.82
344,Karpathos,GR,2021-09-18 19:21:35,35.507,27.2132,76.96,83,0,11.5
345,Carnarvon,AU,2021-09-18 19:24:34,-24.8667,113.6333,60.87,72,0,14.97
346,Cuiluan,CN,2021-09-18 19:24:34,47.72,128.648,46.04,60,100,3.31
347,Olgod,DK,2021-09-18 19:24:35,55.8068,8.6286,59.04,81,100,8.63
348,Villazon,BO,2021-09-18 19:24:35,-22.0866,-65.5942,72.72,7,100,12.53
349,Paysandu,UY,2021-09-18 19:22:40,-32.3214,-58.0756,77.61,49,0,8.48
350,Hede,CN,2021-09-18 19:24:36,33.7681,120.2517,69.55,90,9,6.62
351,Gainesville,US,2021-09-18 19:20:54,29.6516,-82.3248,89.82,66,1,1.01
352,Mareeba,AU,2021-09-18 19:24:36,-17.0,145.4333,65.12,82,29,2.73
353,Yongan,CN,2021-09-18 19:24:37,39.6957,113.6871,58.69,87,100,4.61
354,Conde,BR,2021-09-18 19:21:25,-7.2597,-34.9075,81.86,61,20,14.97
355,La Rioja,ES,2021-09-18 19:24:38,42.25,-2.5,55.04,85,9,3.29
356,Boyabat,TR,2021-09-18 19:24:38,41.4689,34.7667,64.4,46,78,4.41
357,Kudahuvadhoo,MV,2021-09-18 19:24:38,2.6708,72.8944,82.63,76,100,6.73
358,Rincon,US,2021-09-18 19:23:04,32.296,-81.2354,89.51,66,75,6.91
359,Bukama,CD,2021-09-18 19:24:39,-9.2,25.85,82.27,47,22,5.37
360,Daru,PG,2021-09-18 19:24:39,-9.0763,143.2092,75.87,89,100,18.32
361,Khilok,RU,2021-09-18 19:24:40,51.3674,110.4676,43.5,98,12,3.67
362,Guarapari,BR,2021-09-18 19:21:58,-20.6667,-40.4975,80.49,64,0,17.13
363,Niagara Falls,CA,2021-09-18 19:22:58,43.1001,-79.0663,79.59,69,20,8.05
364,Parbhani,IN,2021-09-18 19:24:41,19.2667,76.7833,76.95,70,100,2.75
365,Port Macquarie,AU,2021-09-18 19:23:32,-31.4333,152.9167,51.76,71,0,12.35
366,Kabo,CF,2021-09-18 19:24:41,7.6994,18.629,70.2,93,63,2.13
367,Tovacov,CZ,2021-09-18 19:24:42,49.4308,17.288,58.41,78,100,7.87
368,Codrington,AU,2021-09-18 19:24:43,-38.2667,141.9667,50.52,74,100,19.73
369,Puri,IN,2021-09-18 19:24:43,19.8,85.85,79.32,79,100,7.38
370,Rivers,CA,2021-09-18 19:24:43,50.0308,-100.2403,77.95,26,14,15.84
371,Melo,UY,2021-09-18 19:24:44,-32.3667,-54.1833,67.32,80,100,6.29
372,Rocha,UY,2021-09-18 19:24:44,-34.4833,-54.3333,68.25,69,0,9.19
373,Srednekolymsk,RU,2021-09-18 19:24:45,67.45,153.6833,31.06,77,33,11.54
374,Okahandja,NA,2021-09-18 19:24:46,-21.9833,16.9167,73.71,17,0,16.15
375,Kosikha,RU,2021-09-18 19:24:46,53.3617,84.5822,45.37,71,11,3.47
376,Metro,ID,2021-09-18 19:24:47,-5.1131,105.3067,74.95,87,24,3.31
377,Lusambo,CD,2021-09-18 19:24:47,-4.9667,23.45,71.89,93,100,3.4
378,Saldanha,ZA,2021-09-18 19:24:48,-33.0117,17.9442,55.45,83,49,15.93
379,Bowen,AU,2021-09-18 19:23:42,-20.0167,148.2333,55.62,77,8,10.31
380,Ullapool,GB,2021-09-18 19:24:48,57.8987,-5.1604,57.76,79,92,2.59
381,Toora-Khem,RU,2021-09-18 19:24:49,52.4675,96.11,47.19,82,75,4.5
382,Putina,PE,2021-09-18 19:24:49,-15.4667,-69.4333,55.18,44,14,12.33
383,Bansgaon,IN,2021-09-18 19:24:49,26.5586,83.3481,78.13,91,17,3.91
384,Pemangkat,ID,2021-09-18 19:24:50,1.1667,108.9667,77.85,86,100,3.74
385,Nhulunbuy,AU,2021-09-18 19:24:50,-12.2333,136.7667,70.41,83,97,0.0
386,Bonito,BR,2021-09-18 19:24:51,-21.1211,-56.4819,104.9,14,39,7.63
387,Pervomayskoye,RU,2021-09-18 19:24:51,43.919,46.7102,59.77,72,8,8.1
388,Makakilo City,US,2021-09-18 19:24:52,21.3469,-158.0858,80.92,64,75,5.75
389,Ojinaga,MX,2021-09-18 19:23:20,29.5667,-104.4167,100.58,21,1,5.75
390,Abha,SA,2021-09-18 19:24:52,18.2164,42.5053,75.02,13,0,11.5
391,Dikson,RU,2021-09-18 19:24:53,73.5069,80.5464,34.56,75,12,26.8
392,Chicama,PE,2021-09-18 19:24:53,-7.8447,-79.1469,61.34,61,27,10.27
393,Calahorra,ES,2021-09-18 19:24:54,42.3051,-1.9652,62.51,68,0,10.45
394,Conway,US,2021-09-18 19:24:54,35.0887,-92.4421,90.09,68,90,1.99
395,Kamaishi,JP,2021-09-18 19:24:55,39.2667,141.8833,63.03,85,32,5.28
396,Kyaikkami,MM,2021-09-18 19:24:55,16.08,97.5675,79.48,85,100,3.02
397,Simbahan,PH,2021-09-18 19:24:56,6.3032,120.5836,82.4,73,13,6.04
398,Kaitong,CN,2021-09-18 19:24:56,44.8135,123.15,57.81,93,65,7.49
399,Mbuyapey,PY,2021-09-18 19:24:13,-26.2,-56.75,93.0,40,7,2.66
400,Ostrovnoy,RU,2021-09-18 19:24:57,68.0531,39.5131,37.72,87,19,0.78
401,Valleyview,CA,2021-09-18 19:24:57,55.0667,-117.2859,55.44,71,100,2.3
402,Peniche,PT,2021-09-18 19:24:58,39.3558,-9.3811,67.48,80,5,21.25
403,Baisha,CN,2021-09-18 19:24:58,26.5222,110.9311,75.15,87,1,4.18
404,Yeppoon,AU,2021-09-18 19:24:59,-23.1333,150.7333,55.18,76,2,6.8
405,Prince Rupert,CA,2021-09-18 19:24:59,54.3161,-130.3201,51.89,92,90,0.0
406,Belmonte,BR,2021-09-18 19:24:59,-15.8631,-38.8828,80.6,65,12,6.98
407,Fort Nelson,CA,2021-09-18 19:25:00,58.8053,-122.7002,45.99,81,90,3.44
408,Klamath Falls,US,2021-09-18 19:25:00,42.2249,-121.7817,51.85,88,90,3.44
409,Sao Jose De Ribamar,BR,2021-09-18 19:25:01,-2.5619,-44.0542,88.18,71,83,15.05
410,Lar,IN,2021-09-18 19:25:01,26.2039,83.9717,77.76,93,71,3.67
411,Bay Roberts,CA,2021-09-18 19:25:04,47.5999,-53.2648,71.65,81,25,7.0
412,Mahuva,IN,2021-09-18 19:25:05,21.0914,71.7622,79.54,90,100,9.48
413,Fort Saint James,CA,2021-09-18 19:25:05,54.4333,-124.25,50.0,73,99,5.46
414,Shenjiamen,CN,2021-09-18 19:25:06,29.9576,122.298,73.31,78,0,7.54
415,Lyskovo,RU,2021-09-18 19:25:06,56.0328,45.0422,36.05,78,7,4.21
416,Gigmoto,PH,2021-09-18 19:25:07,13.7796,124.39,79.72,88,100,5.95
417,Road Town,VG,2021-09-18 19:25:07,18.4167,-64.6167,84.29,70,40,6.91
418,Council Bluffs,US,2021-09-18 19:25:07,41.2619,-95.8608,87.42,59,1,6.91
419,Atasu,KZ,2021-09-18 19:25:08,48.6814,71.6433,52.36,38,98,8.34
420,Nanortalik,GL,2021-09-18 19:25:08,60.1432,-45.2371,41.25,94,100,15.46
421,Gimli,CA,2021-09-18 19:25:09,50.6336,-96.9907,76.42,49,16,21.85
422,Deputatskiy,RU,2021-09-18 19:25:09,69.3,139.9,23.34,97,100,12.15
423,Nemuro,JP,2021-09-18 19:25:09,43.3236,145.575,59.0,98,100,7.49
424,Kaka,TM,2021-09-18 19:25:10,37.3482,59.6143,77.32,34,0,5.03
425,Garowe,SO,2021-09-18 19:25:10,8.4054,48.4845,80.2,61,5,17.52
426,Biak,ID,2021-09-18 19:25:11,-0.9131,122.8766,74.64,80,100,7.11
427,Te Anau,NZ,2021-09-18 19:25:11,-45.4167,167.7167,42.17,95,100,4.85
428,Port Moresby,PG,2021-09-18 19:25:12,-9.4431,147.1797,76.42,88,90,5.75
429,Ormara,PK,2021-09-18 19:25:12,25.2088,64.6357,81.12,88,0,10.4
430,Awbari,LY,2021-09-18 19:25:13,26.5921,12.7805,84.34,16,0,8.03
431,Half Moon Bay,US,2021-09-18 19:25:13,37.4636,-122.4286,76.91,69,75,0.0
432,Keti Bandar,PK,2021-09-18 19:24:07,24.1447,67.4497,83.23,83,41,11.63
433,Smithers,CA,2021-09-18 19:23:43,54.7804,-127.1743,44.92,93,90,3.44
434,Raga,SS,2021-09-18 19:25:14,8.4596,25.678,71.08,90,100,2.66
435,Phan Thiet,VN,2021-09-18 19:25:14,10.9333,108.1,77.47,89,100,1.59
436,Shache,CN,2021-09-18 19:25:15,38.4167,77.2406,73.35,15,0,5.91
437,Kavaratti,IN,2021-09-18 19:25:15,10.5669,72.642,81.63,79,97,8.46
438,Finote Selam,ET,2021-09-18 19:25:16,10.7,37.2667,57.07,94,32,2.98
439,Hudson Bay,CA,2021-09-18 19:25:16,52.85,-102.3842,79.95,26,100,11.43
440,Sao Jose Dos Pinhais,BR,2021-09-18 19:25:17,-25.5347,-49.2064,80.69,57,40,9.22
441,Gat,IL,2021-09-18 19:25:18,31.61,34.7642,77.81,63,0,8.16
442,Kayes,ML,2021-09-18 19:25:18,14.0,-11.0,84.02,65,80,2.28
443,Port-De-Bouc,FR,2021-09-18 19:25:19,43.4,4.9833,73.42,73,0,4.61
444,Honiara,SB,2021-09-18 19:23:32,-9.4333,159.95,76.91,87,82,8.48
445,Polangi,PH,2021-09-18 19:25:19,11.5265,124.9212,77.05,90,100,1.92
446,Ada,US,2021-09-18 19:25:20,43.4166,-116.1262,84.67,12,1,9.22
447,Senno,RU,2021-09-18 19:25:21,59.5336,33.9167,34.34,85,12,6.08
448,Mobara,JP,2021-09-18 19:25:21,35.4167,140.3,75.18,92,100,16.87
449,Manta,EC,2021-09-18 19:25:22,-0.95,-80.7333,83.98,65,40,12.66
450,Antofagasta,CL,2021-09-18 19:22:31,-23.65,-70.4,58.28,68,96,8.55
451,Nizhnevartovsk,RU,2021-09-18 19:25:23,60.9344,76.5531,41.02,81,90,17.9
452,Rtishchevo,RU,2021-09-18 19:25:23,52.2604,43.7874,46.11,56,100,9.08
453,Nanakuli,US,2021-09-18 19:25:23,21.3906,-158.1547,82.35,65,75,5.75
454,Diamantino,BR,2021-09-18 19:25:24,-14.4086,-56.4461,103.87,11,1,5.37
455,Zabid,YE,2021-09-18 19:25:24,14.1951,43.3152,88.56,68,84,11.65
456,Clarksburg,US,2021-09-18 19:25:25,39.2807,-80.3445,86.68,55,1,0.0
457,Ambulu,ID,2021-09-18 19:25:25,-8.345,113.6058,74.39,91,90,3.42
458,Port-Gentil,GA,2021-09-18 19:25:26,-0.7193,8.7815,78.76,78,90,15.01
459,Victoria Point,AU,2021-09-18 19:25:26,-27.5833,153.3,65.17,84,84,6.04
460,Caravelas,BR,2021-09-18 19:25:27,-17.7125,-39.2481,77.63,63,1,8.23
461,Maldonado,UY,2021-09-18 19:25:27,-34.6667,-54.9167,62.22,61,0,7.07
462,Yantal,RU,2021-09-18 19:25:28,56.8471,105.2542,44.49,82,68,5.17
463,Shimoda,JP,2021-09-18 19:25:28,34.6667,138.95,76.37,90,100,0.49
464,Juneau,US,2021-09-18 19:23:01,58.3019,-134.4197,57.85,82,75,6.91
465,Cururupu,BR,2021-09-18 19:25:29,-1.8283,-44.8683,85.68,58,81,6.51
466,Huinan,CN,2021-09-18 19:25:29,42.6225,126.2614,56.77,80,100,2.59
467,Puerto Ayacucho,VE,2021-09-18 19:25:30,5.6639,-67.6236,84.33,74,67,7.31
468,Hirara,JP,2021-09-18 19:25:30,24.8,125.2833,82.36,79,16,6.58
469,Atar,MR,2021-09-18 19:25:31,20.5169,-13.0499,90.66,33,100,11.27
470,Otradnoye,RU,2021-09-18 19:25:31,59.7775,30.8181,48.25,81,100,6.49
471,Katangli,RU,2021-09-18 19:25:32,51.7102,143.2326,42.22,88,0,10.27
472,Barra Patuca,HN,2021-09-18 19:20:37,15.8,-84.2833,86.4,66,70,10.54
473,Lieksa,FI,2021-09-18 19:25:32,63.3167,30.0167,42.6,72,100,6.02
474,North Bend,US,2021-09-18 19:25:33,43.4065,-124.2243,62.92,92,90,14.97
475,Williston,US,2021-09-18 19:21:20,48.147,-103.618,93.58,10,0,15.57
476,Ntungamo,UG,2021-09-18 19:25:34,-0.8833,29.65,65.59,94,100,2.33
477,Bonthe,SL,2021-09-18 19:25:34,7.5264,-12.505,78.76,84,100,7.16
478,Lloydminster,CA,2021-09-18 19:25:34,53.2835,-110.0016,68.22,42,90,9.22
479,Lima,PE,2021-09-18 19:20:55,-12.0432,-77.0282,61.05,72,90,5.75
480,Jalu,LY,2021-09-18 19:25:35,29.0331,21.5482,87.37,24,0,7.16
481,Tabas,IR,2021-09-18 19:25:35,33.5959,56.9244,85.35,8,0,3.33
482,Uribia,CO,2021-09-18 19:25:36,11.7139,-72.266,94.87,38,12,18.19
483,Porbandar,IN,2021-09-18 19:25:37,21.6422,69.6093,82.38,89,40,3.44
484,Mitsamiouli,KM,2021-09-18 19:25:37,-11.3847,43.2844,77.74,76,0,8.19
485,Chiang Khong,TH,2021-09-18 19:25:38,20.2613,100.4046,75.52,96,100,1.05
486,Luang Prabang,LA,2021-09-18 19:25:38,19.8856,102.1347,72.1,98,55,1.01
487,Fukue,JP,2021-09-18 19:25:39,32.6881,128.8419,75.16,76,21,21.05
488,Norman Wells,CA,2021-09-18 19:25:39,65.282,-126.8329,48.24,71,75,14.97
489,Miri,MY,2021-09-18 19:25:40,4.4148,114.0089,77.14,94,40,3.44
490,Newcastle,AU,2021-09-18 19:21:29,-32.9272,151.7765,54.39,81,0,6.91
491,Zunyi,CN,2021-09-18 19:25:41,27.6867,106.9072,69.13,97,100,5.03
492,Thinadhoo,MV,2021-09-18 19:25:41,0.5333,72.9333,82.78,74,86,2.46
493,Nago,JP,2021-09-18 19:25:42,26.5881,127.9761,79.65,76,7,3.96
494,Kirakira,SB,2021-09-18 19:25:09,-10.4544,161.9205,79.23,86,98,12.08
495,Uyovu,TZ,2021-09-18 19:25:42,-3.2833,31.5258,68.36,77,66,6.64
496,Kisangani,CD,2021-09-18 19:25:43,0.5167,25.2,70.52,95,100,2.35
497,Kasempa,ZM,2021-09-18 19:25:43,-13.4584,25.8338,80.28,28,2,11.39
498,Hami,CN,2021-09-18 19:25:43,42.8,93.45,72.82,21,99,3.98
499,Zhuhai,CN,2021-09-18 19:25:44,22.2769,113.5678,85.71,79,20,6.91
500,Russell,US,2021-09-18 19:24:41,32.3502,-85.1999,85.91,76,100,5.75
501,Vila Do Maio,CV,2021-09-18 19:25:44,15.1333,-23.2167,83.19,83,31,10.38
502,Atikokan,CA,2021-09-18 19:25:45,48.7555,-91.6216,69.58,28,27,10.29
503,Namatanai,PG,2021-09-18 19:25:45,-3.6667,152.4333,79.93,79,87,7.54
504,Aanekoski,FI,2021-09-18 19:25:46,62.6946,25.818,44.67,100,98,4.16
505,Henties Bay,NA,2021-09-18 19:25:46,-22.116,14.2845,57.85,91,0,7.34
506,Sabha,LY,2021-09-18 19:25:47,27.0377,14.4283,84.9,17,0,7.72
507,Kota Bahru,MY,2021-09-18 19:25:47,6.1333,102.2386,76.95,94,20,4.61
508,Lembeni,TZ,2021-09-18 19:25:48,-3.7833,37.6167,70.16,66,53,5.48
509,Kamenka,RU,2021-09-18 19:25:48,51.3223,42.7678,50.31,46,100,7.2
510,Ouango,CF,2021-09-18 19:25:49,4.3133,22.5552,71.87,93,100,2.42
511,Kargasok,RU,2021-09-18 19:25:49,59.0556,80.8572,38.8,93,17,10.96
512,Valley City,US,2021-09-18 19:25:49,46.9233,-98.0032,77.99,50,1,19.57
513,Maarianhamina,AX,2021-09-18 19:25:50,60.0973,19.9348,46.26,81,0,3.44
514,Yayva,RU,2021-09-18 19:25:50,59.3303,57.2641,37.18,98,100,10.98
515,Springfield,US,2021-09-18 19:23:15,37.2153,-93.2982,89.15,58,20,4.0
516,Pinheiro Machado,BR,2021-09-18 19:25:51,-31.5783,-53.3811,70.77,78,93,5.41
517,Minab,IR,2021-09-18 19:25:51,27.1467,57.0801,89.1,62,0,3.06
518,Tura,IN,2021-09-18 19:25:52,25.5198,90.2201,72.39,97,81,2.53
519,Karasjok,NO,2021-09-18 19:25:52,69.4719,25.5112,41.11,86,6,9.75
520,Batemans Bay,AU,2021-09-18 19:25:53,-35.7167,150.1833,45.91,70,0,6.53
521,Tsaratanana,MG,2021-09-18 19:25:53,-16.7833,47.65,76.3,64,63,3.58
522,Kieta,PG,2021-09-18 19:25:54,-6.2167,155.6333,78.48,85,99,2.71
523,Hovd,MN,2021-09-18 19:25:54,48.0056,91.6419,57.22,40,3,8.66
524,Ambilobe,MG,2021-09-18 19:25:54,-13.2,49.05,75.31,84,89,1.59
525,Lorengau,PG,2021-09-18 19:25:55,-2.0226,147.2712,80.46,82,97,8.52
526,Faya,SA,2021-09-18 19:25:55,18.3851,42.4509,75.31,22,11,9.13
527,Qurayyat,SA,2021-09-18 19:25:56,31.3318,37.3428,77.18,25,0,11.5
528,Sao Joao Dos Patos,BR,2021-09-18 19:25:56,-6.495,-43.7022,97.54,19,7,8.05
529,Nome,US,2021-09-18 19:25:57,64.5011,-165.4064,44.67,76,90,16.11
530,Ravar,IR,2021-09-18 19:25:58,31.2656,56.8055,80.2,9,0,3.33
531,Tessalit,ML,2021-09-18 19:25:58,20.1986,1.0114,97.11,9,10,1.05
532,Bereda,ES,2021-09-18 19:25:59,43.2686,-7.5406,57.58,90,0,2.46
533,Kroya,ID,2021-09-18 19:25:59,-7.6331,109.2461,75.45,91,84,6.58
534,Waris Aliganj,IN,2021-09-18 19:26:00,25.0167,85.6333,80.15,83,38,1.59
535,Aegviidu,EE,2021-09-18 19:26:00,59.2858,25.6142,46.65,67,99,7.72
536,Luoyang,CN,2021-09-18 19:26:01,34.6836,112.4536,60.82,97,100,15.1
537,Haines Junction,CA,2021-09-18 19:26:01,60.7522,-137.5108,46.35,66,100,3.44
538,Inuvik,CA,2021-09-18 19:26:02,68.3499,-133.7218,44.64,90,90,2.3
539,Puerto Asis,CO,2021-09-18 19:26:02,0.5133,-76.5007,86.56,45,63,1.99
540,Poum,NC,2021-09-18 19:26:02,-20.2333,164.0167,69.51,66,0,9.1
541,Skibbereen,IE,2021-09-18 19:26:03,51.55,-9.2667,57.0,91,100,12.46
542,Ponta Delgada,PT,2021-09-18 19:26:04,37.7333,-25.6667,70.52,64,75,8.05
543,Asyut,EG,2021-09-18 19:26:05,27.181,31.1837,86.18,27,0,8.7
544,Exeter,GB,2021-09-18 19:22:36,50.7236,-3.5275,63.99,93,46,3.89
545,Magadan,RU,2021-09-18 19:26:05,59.5667,150.8,48.47,95,100,30.98
546,Santa Cruz,BO,2021-09-18 19:26:06,-17.8,-63.1667,92.66,46,40,20.71
547,Cabinda,AO,2021-09-18 19:26:06,-5.55,12.2,73.71,78,42,7.92
548,Terra Santa,BR,2021-09-18 19:26:07,-2.1042,-56.4869,93.72,40,51,4.12
549,Magistralnyy,RU,2021-09-18 19:26:07,56.1725,107.4458,41.56,71,56,3.98
550,Lucapa,AO,2021-09-18 19:26:08,-8.4192,20.7447,76.62,56,75,3.02
551,Nogales,MX,2021-09-18 19:26:08,31.3086,-110.9422,91.08,40,40,4.61
552,Shipunovo,RU,2021-09-18 19:26:09,52.1582,82.2173,44.76,58,74,3.8
553,Lawrence,US,2021-09-18 19:26:09,38.9717,-95.2353,91.81,55,1,1.01
554,Melchor De Mencos,GT,2021-09-18 19:26:10,17.0686,-89.1522,87.8,74,75,4.61
555,Lavrentiya,RU,2021-09-18 19:26:10,65.5833,-171.0,40.32,77,100,6.15
556,Bubaque,GW,2021-09-18 19:26:11,11.2833,-15.8333,81.88,77,47,7.85
557,Winslow,US,2021-09-18 19:26:11,35.0242,-110.6974,86.97,26,1,5.01
558,Demba,CD,2021-09-18 19:26:12,-5.51,22.2667,69.37,91,30,1.16
559,Mocuba,MZ,2021-09-18 19:26:12,-16.8392,36.9856,70.68,77,100,8.52
560,Alpena,US,2021-09-18 19:24:39,45.0617,-83.4327,72.95,53,1,5.01
561,Sharlyk,RU,2021-09-18 19:26:13,52.9167,54.75,39.52,73,57,8.43
562,Vilhena,BR,2021-09-18 19:26:13,-12.7406,-60.1458,91.4,28,98,7.9
563,Cerrito,CO,2021-09-18 19:26:14,6.8432,-72.694,63.79,77,99,0.25
564,Villarrica,PY,2021-09-18 19:26:14,-25.75,-56.4333,94.82,36,32,0.51
565,Hargeysa,SO,2021-09-18 19:26:14,9.56,44.065,79.34,48,4,7.54
566,Matagami,CA,2021-09-18 19:26:15,49.7502,-77.6328,53.71,76,75,6.91
567,Wlodawa,PL,2021-09-18 19:26:15,51.55,23.55,44.91,92,100,8.93
568,Eldorado,BR,2021-09-18 19:26:16,-23.7869,-54.2836,96.84,26,12,2.51
569,Redmond,US,2021-09-18 19:22:44,47.674,-122.1215,65.44,79,95,1.01
570,Naklo Nad Notecia,PL,2021-09-18 19:26:16,53.1421,17.6018,51.75,65,100,11.41
571,Shenkursk,RU,2021-09-18 19:26:17,62.1091,42.896,34.57,92,33,5.06
572,Leninskoye,KZ,2021-09-18 19:26:17,41.7589,69.3864,69.73,19,0,5.99
573,Sladkovo,RU,2021-09-18 19:26:18,55.5284,70.3385,42.17,91,100,7.0
574,Stutterheim,ZA,2021-09-18 19:26:18,-32.5708,27.424,46.78,89,0,5.23
575,Coolum Beach,AU,2021-09-18 19:26:19,-26.5333,153.1,58.73,87,99,7.45
576,Navrongo,GH,2021-09-18 19:26:19,10.8956,-1.0921,81.61,67,81,1.32
577,Luwuk,ID,2021-09-18 19:26:19,-0.9516,122.7875,75.51,81,100,5.46
578,Shanghai,CN,2021-09-18 19:25:00,31.2222,121.4581,73.26,86,0,8.95
579,Luderitz,NA,2021-09-18 19:26:20,-26.6481,15.1594,55.69,86,43,8.25
580,Lasa,IT,2021-09-18 19:26:21,46.6166,10.7002,65.28,85,20,0.51
581,Broome,US,2021-09-18 19:26:21,42.2506,-75.833,79.99,74,75,4.0
582,Libertad,PH,2021-09-18 19:26:22,8.9442,125.5019,74.23,94,99,3.18
